"id","statement_type","statement_section","statement_sub_section","primary_keywords","target_keyword","fetch_type","note_keyword","flag_model_training","field_tage","meta_keyword","custom_formula","remarks","ref_notes_key","template_row_map","sequence_view","match_type","cdm_keyword_name","exclude_target_keyword","exclude_note_keyword","cdm_sheet_name","cdm_keyword_start_row_map","cdm_total_row_map"
19,"cbs","assets","current","Cash and cash equivalents","cash and cash equivalents|bank balances other than cash and cash equivalents|bank balances other than above|other bank balances|cash and bank balances","Direct",NULL,NULL,"multisum","ca_cash_and_cash_equivalents",NULL,NULL,NULL,"23","1",NULL,"CASH_AND_CASH_EQUIVALENTS",NULL,NULL,"BS (Assets) breakdown","14","17"
20,"cbs","assets","current","Account Receivables","account receivables|trade receivables|government subsidies receivable|receivable|billed|unbilled","Direct",NULL,NULL,"multisum","ca_account_receivables",NULL,NULL,NULL,"24","2","partial","ACCOUNTS_RECEIVABLES",NULL,NULL,"BS (Assets) breakdown","19","22"
21,"cbs","assets","current","Inventories","inventories","Direct",NULL,NULL,NULL,"ca_inventories",NULL,NULL,NULL,"25","3","partial","INVENTORIES",NULL,NULL,"BS (Assets) breakdown","24","27"
22,"cbs","assets","current","Prepaid Expenses","other current assets|other financial assets|other current financial assets|other assets","Reference","prepaid expense|prepaid expenditure|prepayments|prepaid",NULL,NULL,"ca_prepaid_expenses",NULL,NULL,"pe","26","4",NULL,"PREPAID_EXPNS",NULL,NULL,"BS (Assets) breakdown","29","31"
23,"cbs","assets","current","Other Current Assets","other current assets","Formula",NULL,NULL,"balancing_value","ca_other_current_assets",NULL,NULL,NULL,NULL,"5",NULL,"OTHER_CURR_AST",NULL,NULL,"BS (Assets) breakdown","33","36"
24,"cbs","assets","current","Current Assets","current assets","Formula",NULL,NULL,"subtotal","ca_total_current_assets",NULL,NULL,NULL,"29","6",NULL,"CURR_AST",NULL,NULL,NULL,NULL,NULL
25,"cbs","assets","noncurrent","(Gross Plant Property Equipment)","plant property equipment|property plant equipment","Formula","gross",NULL,NULL,"nca_accumulated_depreciation","nca_net_ppe + nca_gross_ppe",NULL,"ppe","31","8",NULL,"GROS_PLANT_PRPTY_AND_EQPMNT",NULL,NULL,"BS (Assets) breakdown","40","43"
26,"cbs","assets","noncurrent","(Accumulated Depreciation) ( - )","plant property equipment|property plant equipment","Reference","depreciatio",NULL,NULL,"nca_net_ppe",NULL,NULL,"ppe","32","9",NULL,"ACCUMLATED_DEPRE",NULL,NULL,"BS (Assets) breakdown","44","47"
27,"cbs","assets","noncurrent","Net Plant Property Equipment (PPE)","plant property equipment|property plant equipment","Direct",NULL,NULL,NULL,"nca_gross_ppe",NULL,NULL,NULL,NULL,"7",NULL,"NET_PLANT_PRPTY_AND_EQPMNT",NULL,NULL,NULL,NULL,NULL
28,"cbs","assets","noncurrent","Other Tangible Assets","tangible|capital work-in-progress|capital workinprogress|capital work in progress|rightofuse|righttouse|right of use|right to use|work in progress","Direct",NULL,NULL,"multisum","nca_other_tangible_assets",NULL,NULL,NULL,"33","10","partial","OTHER_TANGIBLE_AST",NULL,NULL,"BS (Assets) breakdown","49","52"
29,"cbs","assets","noncurrent","Tangible Assets","tangible assets","Formula",NULL,NULL,NULL,"nca_tangible_assets","nca_accumulated_depreciation - nca_net_ppe + nca_other_tangible_assets",NULL,NULL,NULL,"11",NULL,"TANGIBLE_AST",NULL,NULL,NULL,NULL,NULL
30,"cbs","assets","noncurrent","GoodWill","goodwill|goodwill on consolidatio","Direct",NULL,NULL,NULL,"nca_goodwill",NULL,NULL,NULL,"36","12","partial","GOODWILL",NULL,NULL,"BS (Assets) breakdown","54","56"
31,"cbs","assets","noncurrent","Other Intangible Assets","intangible|intangible under development|intangible assets under development","Direct",NULL,NULL,"multisum","nca_other_intangible_assets",NULL,NULL,NULL,"37","13","partial","OTHER_INTANGIBLE_AST",NULL,NULL,"BS (Assets) breakdown","58","61"
32,"cbs","assets","noncurrent","Intangible Assets","donations","Formula",NULL,NULL,NULL,"nca_intangible_assets","nca_goodwill + nca_other_intangible_assets",NULL,NULL,NULL,"14",NULL,"INTANGIBLE_AST",NULL,NULL,NULL,NULL,NULL
33,"cbs","assets","noncurrent","Investments","investment|joint ventures and associates","Direct",NULL,NULL,"multisum","nca_investments",NULL,NULL,NULL,"40","15","partial","INVST",NULL,NULL,"BS (Assets) breakdown","63","66"
34,"cbs","assets","noncurrent","Deferred Charges","deferred charges|deferred tax|deferred tax assets","Direct",NULL,NULL,"multisum","nca_deffered_charges",NULL,NULL,NULL,"41","16",NULL,"DEFFERED_CHARGES",NULL,NULL,"BS (Assets) breakdown","68","70"
35,"cbs","assets","noncurrent","Other Assets","other assets","Formula",NULL,NULL,"balancing_value","nca_other_assets",NULL,NULL,NULL,NULL,"17",NULL,"OTHER_AST",NULL,NULL,"BS (Assets) breakdown","72","75"
36,"cbs","assets","noncurrent","Non-Current Assets Total","non-current assets total","Formula",NULL,NULL,"subtotal","nca_total_non_current_assets",NULL,NULL,NULL,"43","18",NULL,"NON_CURR_AST_TOTAL",NULL,NULL,NULL,NULL,NULL
37,"cbs","equity_liabilities","current","Short Term Debt","short term debt|short-term debt|borrowings|shortterm debt|shortterm borrowings|lease liabilities","Direct",NULL,NULL,NULL,"cl_short_term_debt",NULL,NULL,NULL,"50","20",NULL,"SHORT_TERM_DEBT",NULL,NULL,"BS (Assets) breakdown","77","79"
38,"cbs","equity_liabilities","current","Long Term Debt due in one year","other financial liabilities|other current liabilities|current maturities|current maturities of long-term debt|current maturities of longterm debt","Reference","current maturities",NULL,NULL,"cl_long_term_debt_due_in_year",NULL,NULL,"cm","51","21",NULL,"LONG_TERM_DEBT_DUE_IN_ONE_Y",NULL,NULL,"BS (Assets) breakdown","81","83"
39,"cbs","equity_liabilities","current","Note Payable(Debt)","note payable(debt)","Direct",NULL,NULL,NULL,"cl_note_payable_debt",NULL,NULL,NULL,"52","22",NULL,"NOTE_PAYABLE",NULL,NULL,"BS (Assets) breakdown","84","86"
40,"cbs","equity_liabilities","current","Accounts Payable","accounts payable|trade payable|micro enterprises and small enterprises|outstanding dues of micro enterprises and small enterprises|outstanding dues of creditors other than micro enterprises and small enterprises|other trade payables|micro enterprises|small enterprises|outstanding dues of creditors other than|total outstanding due of other creditors other than micro and small|other than micro and small enterprises","Direct",NULL,NULL,"multisum","cl_accounts_payable",NULL,NULL,NULL,"53","23",NULL,"ACCOUNTS_PAYABLE",NULL,NULL,"BS (Assets) breakdown","87","89"
41,"cbs","equity_liabilities","current","Accrued Expenses","other current liabilities|other financial liabilities|other current financial liabilities|other liabilities","Reference","accrued expenses|interest accrued",NULL,NULL,"cl_accrued_expenses",NULL,NULL,"cm","54","24",NULL,"ACCURED_EXPNS",NULL,NULL,"BS (Assets) breakdown","90","92"
42,"cbs","equity_liabilities","current","Tax Payable","tax","Direct",NULL,NULL,NULL,"cl_tax_payable",NULL,NULL,NULL,"55","25","partial","TAX_PAYABLE",NULL,NULL,"BS (Assets) breakdown","93","95"
43,"cbs","equity_liabilities","current","Other Current Liabilities","other current liabilities","Formula",NULL,NULL,"balancing_value","cl_other_current_liabilities",NULL,NULL,NULL,NULL,"26",NULL,"OTHER_CURR_LIAB",NULL,NULL,"BS (Assets) breakdown","96","98"
44,"cbs","equity_liabilities","current","Current Liabilities","current liabilities","Direct",NULL,NULL,"subtotal","cl_total_current_liabilities",NULL,NULL,NULL,"57","27",NULL,"CURR_LIAB",NULL,NULL,NULL,NULL,NULL
45,"cbs","equity_liabilities","noncurrent","Long Term Debt","long term debt","Formula",NULL,NULL,NULL,"ncl_long_term_debt","ncl_long_term_borrowing + ncl_bond + ncl_suboardinate_debt",NULL,NULL,NULL,"28",NULL,"LONG_TERM_DEBT",NULL,NULL,"BS (Assets) breakdown","99","101"
46,"cbs","equity_liabilities","noncurrent","(Long Term Borrowings)","borrowings|long term borrowings|longterm borrowings","Direct",NULL,NULL,NULL,"ncl_long_term_borrowing",NULL,NULL,NULL,"60","29","partial","LONG_TERM_BORROWING",NULL,NULL,"BS (Assets) breakdown","102","104"
47,"cbs","equity_liabilities","noncurrent","(Bond)","(bond)","Direct",NULL,NULL,NULL,"ncl_bond",NULL,NULL,NULL,"61","30",NULL,"BOND",NULL,NULL,"BS (Assets) breakdown","105","107"
48,"cbs","equity_liabilities","noncurrent","(Subordinate Debt)","lease liabilities","Direct",NULL,NULL,NULL,"ncl_suboardinate_debt",NULL,NULL,NULL,"62","31",NULL,"SUBORDINATE_DEBT",NULL,NULL,"BS (Assets) breakdown","108","110"
49,"cbs","equity_liabilities","noncurrent","Deferred Taxes","deferred taxes|deferred tax liabilities","Direct",NULL,NULL,NULL,"ncl_deferred_taxes",NULL,NULL,NULL,"63","32","partial","DEFFERED_TAXES",NULL,NULL,"BS (Assets) breakdown","111","113"
50,"cbs","equity_liabilities","noncurrent","Other Long Term liabilities","other long term liabilities","Formula",NULL,NULL,"balancing_value","ncl_other_long_term_liabilities",NULL,NULL,NULL,NULL,"33",NULL,"OTHER_LONG_TERM_LIAB",NULL,NULL,"BS (Assets) breakdown","114","116"
51,"cbs","equity_liabilities","noncurrent","Minority Interest","minority interest","Direct",NULL,NULL,NULL,"ncl_minority_interest",NULL,NULL,NULL,"65","34",NULL,"MINORITY_INT",NULL,NULL,"BS (Assets) breakdown","117","119"
52,"cbs","equity_liabilities","noncurrent","Long Term Liabilities","long term liabilities","Direct",NULL,NULL,"subtotal","ncl_long_term_liabilities",NULL,NULL,NULL,"66","35",NULL,"LONG_TERM_LIAB",NULL,NULL,NULL,NULL,NULL
54,"cbs","equity_liabilities","equity","Common Stock","common stock|share capital|equity share capital|perpetual equity instrument","Direct",NULL,NULL,NULL,"eqt_common_stock",NULL,NULL,NULL,"69","36",NULL,"COMMON_STOCK",NULL,NULL,"BS (Assets) breakdown","120","122"
55,"cbs","equity_liabilities","equity","Additional Paid in Capital","other equity|other reserves|additional paid in capital|additional paid up capital|reserves and surplus","Reference","share premium|securities premium",NULL,NULL,"eqt_additional_paid_in_capital",NULL,NULL,"oeq","70","38",NULL,"ADDITIONAL_PAID_IN_CAPITAL",NULL,NULL,"BS (Assets) breakdown","123","125"
56,"cbs","equity_liabilities","equity","Other Reserves","other reserves","Formula",NULL,NULL,"balancing_value","eqt_other_reserves",NULL,NULL,NULL,NULL,"39",NULL,"OTHER_RSRV",NULL,NULL,"BS (Assets) breakdown","126","128"
57,"cbs","equity_liabilities","equity","Retained Earnings","other equity|reserves surplus","Reference","retained earnings|general reserves",NULL,NULL,"eqt_retained_earnings",NULL,NULL,"oeq","72","40",NULL,"RETAINED_EARNINGS",NULL,NULL,"BS (Assets) breakdown","129","131"
58,"cbs","equity_liabilities","equity","Others","minority interest|non controlling interest|noncontrolling interest","Direct",NULL,NULL,NULL,"eqt_others",NULL,NULL,NULL,"73","41",NULL,"OTHERS",NULL,NULL,"BS (Assets) breakdown","132","134"
59,"cbs","equity_liabilities","equity","Shareholders Equity(A)","shareholders equity(a)","Direct",NULL,NULL,"subtotal","eqt_shareholder_equity",NULL,NULL,NULL,"74","42",NULL,"SHAREHOLDERS_EQUITY",NULL,NULL,"BS (Assets) breakdown","135","137"
60,"cbs","equity_liabilities","head","Total Liabilities & Equity","total liabilities & equity","Formula",NULL,NULL,NULL,"total_liability_equity",NULL,NULL,NULL,NULL,"43",NULL,"TOTAL_LIAB_AND_EQUITY",NULL,NULL,NULL,NULL,NULL
62,"cbs","equity_liabilities","head","Total Liabilities",NULL,"Formula",NULL,NULL,NULL,"lbt_total_liability",NULL,NULL,NULL,NULL,"37",NULL,"LIAB_TOTAL",NULL,NULL,NULL,NULL,NULL
100,"ccf","operating_activities","operating_activities","Net Income","net_income","skip",NULL,NULL,NULL,"net_income",NULL,NULL,NULL,NULL,"82",NULL,"CF_NET_INCM",NULL,NULL,NULL,NULL,NULL
101,"ccf","operating_activities","operating_activities","Depreciation & Amortization(+)","depreciation_amortizatio","skip",NULL,NULL,NULL,"depreciation_amortizatio",NULL,NULL,NULL,NULL,"83",NULL,"CF_DEPRE_AMORTZATIO",NULL,NULL,NULL,NULL,NULL
102,"ccf","operating_activities","operating_activities","Taxes(Deferred etc)","taxes","skip",NULL,NULL,NULL,"taxes",NULL,NULL,NULL,"8","84",NULL,"CF_TAXES",NULL,NULL,NULL,NULL,NULL
103,"ccf","operating_activities","operating_activities","(Gain)/Loss from PP&E Sales","loss on sales of property|plant and equipment|profit on sales of property|ppe|pp&e|plant property equipment|loss on sale","Direct",NULL,NULL,NULL,"ppe_sales_gain_loss",NULL,NULL,NULL,"9","85",NULL,"CF_GAIN_FROM_PP_AND_E",NULL,NULL,NULL,NULL,NULL
104,"ccf","operating_activities","operating_activities","Net Working Capital","net_working_capital","Formula",NULL,NULL,NULL,"net_working_capital",NULL,NULL,NULL,"10","86",NULL,"CF_NET_WORKING_CAPITAL",NULL,NULL,NULL,NULL,NULL
105,"ccf","operating_activities","operating_activities","Other Operating Cashflow",NULL,"Formula",NULL,NULL,"balancing_value","other_operating_cashflow",NULL,NULL,NULL,NULL,"87",NULL,"CF_OTHER_OPE_CASHFLOW",NULL,NULL,NULL,NULL,NULL
106,"ccf","operating_activities","operating_activities","Cash from Operating Activities",NULL,"Formula",NULL,NULL,"subtotal","cash_from_operating_acts",NULL,NULL,NULL,"12","88",NULL,"CF_CASH_FROM_OPE_ACVT",NULL,NULL,NULL,NULL,NULL
107,"ccf","investing_activities","investing_activities","CAPEX(-)","plant and equipment|ppe|pp&e|plant property equipment|property plant and equipment|tangible|purchase of tangible","Direct",NULL,NULL,"negative","capex",NULL,NULL,NULL,"13","89",NULL,"CF_CAPEX",NULL,NULL,NULL,NULL,NULL
108,"ccf","investing_activities","investing_activities","Investment(-)","investments|purchase of non current investments|purchase of current investments|redemptio","Direct",NULL,NULL,"negative","investment",NULL,NULL,NULL,"14","90",NULL,"CF_INVST",NULL,NULL,NULL,NULL,NULL
109,"ccf","investing_activities","investing_activities","Acquisitions(-)","acquisitions","Direct",NULL,NULL,"negative","acquisitions",NULL,NULL,NULL,"15","91",NULL,"CF_ACQUISITIONS",NULL,NULL,NULL,NULL,NULL
110,"ccf","investing_activities","investing_activities","Proceeds from PP&E Sales(+)","proceeds from sale of property plant and equipment|plant and equipment|ppe|pp&e|plant property equipment|property plant and equipment|proceeds from sale of tangible","Direct",NULL,NULL,"positive","proceeds_from_ppe_sales",NULL,NULL,NULL,"16","92",NULL,"CF_PROCEEDS_FROM_PP_AND_E",NULL,NULL,NULL,NULL,NULL
111,"ccf","investing_activities","investing_activities","Other Investment Cashflow",NULL,"Formula",NULL,NULL,"balancing_value","other_investment_cashflow",NULL,NULL,NULL,NULL,"93",NULL,"CF_OTHER_INVST_CASHFLOW",NULL,NULL,NULL,NULL,NULL
112,"ccf","investing_activities","investing_activities","Cash from Investments Activities",NULL,"Formula",NULL,NULL,"subtotal","cash_from_investments_acts",NULL,NULL,NULL,"18","94",NULL,"CF_CASH_FROM_INVST_ACVT",NULL,NULL,NULL,NULL,NULL
113,"ccf","financing_activities","financing_activities","Sale of Stock(+)","issue of share capital|issue of equity share capital|share capital|shares","Direct",NULL,NULL,"positive","sale_of_stock",NULL,NULL,NULL,"19","95",NULL,"CF_SALE_OF_STOCK",NULL,NULL,NULL,NULL,NULL
114,"ccf","financing_activities","financing_activities","Purchase of Stock(-)","buy back of share captial|treasury shares|share capital|shares","Direct",NULL,NULL,"negative","purchase_of_stock",NULL,NULL,NULL,"20","96",NULL,"CF_PURCHASE_OF_STOCK",NULL,NULL,NULL,NULL,NULL
115,"ccf","financing_activities","financing_activities","Cash Dividends(-)","dividend","Direct",NULL,NULL,"negative","cash_dividends",NULL,NULL,NULL,"21","97",NULL,"CF_CASH_DIVIDNDS",NULL,NULL,NULL,NULL,NULL
116,"ccf","financing_activities","financing_activities","Debt Borrowing(+)","borrowings|loa","Direct",NULL,NULL,"positive","debt_borrowing",NULL,NULL,NULL,"22","98",NULL,"CF_DEBT_BORROWING",NULL,NULL,NULL,NULL,NULL
117,"ccf","financing_activities","financing_activities","Debt Repayment(-)","borrowings|lease","Direct",NULL,NULL,"negative","debt_repayment",NULL,NULL,NULL,"23","99",NULL,"CF_DEBT_REPAYMENT",NULL,NULL,NULL,NULL,NULL
118,"ccf","financing_activities","financing_activities","Other Financing Cashflow *",NULL,"Formula",NULL,NULL,"balancing_value","other_financing_cashflow",NULL,NULL,NULL,NULL,"100",NULL,"CF_OTHER_FINCNG_CASHFLOW",NULL,NULL,NULL,NULL,NULL
119,"ccf","financing_activities","financing_activities","Cash from Financing Activities",NULL,"Formula",NULL,NULL,"subtotal","cash_from_financing_acts",NULL,NULL,NULL,"25","101",NULL,"CF_CASH_FROM_FINCNG_ACVT",NULL,NULL,NULL,NULL,NULL
120,"cbs","assets","head","Total Assets",NULL,"Formula",NULL,NULL,NULL,"ast_total_assets",NULL,NULL,NULL,NULL,"19",NULL,"TOTAL_AST",NULL,NULL,NULL,NULL,NULL
465,"cpl","profit_loss","summary","Sales","revenue from operations|sale of products|net sales|revenue from contracts with customers|transmission and distribution business|from trading business","Direct",NULL,NULL,"total","smr_sales",NULL,NULL,"","6","43",NULL,"PL_REVENUES",NULL,NULL,"P & L breakdown","14","16"
466,"cpl","profit_loss","sgna_rent","(Rent)","rent","Reference",NULL,NULL,NULL,"smr_rent",NULL,NULL,"oex","11","44",NULL,"PL_RENT",NULL,NULL,"P & L breakdown","26","28"
467,"cpl","profit_loss","summary","Others Op. Income","other operating ","Direct",NULL,NULL,NULL,"smr_others_opr_income",NULL,NULL,"","12","45",NULL,"PL_GROS_PROFIT_OTHER",NULL,NULL,"P & L breakdown","29","31"
468,"cpl","profit_loss","summary","Interest Income","other income|finance income","Reference","interest",NULL,NULL,"smr_interest_income",NULL,NULL,"oi","14","46",NULL,"PL_INT_INCM",NULL,NULL,"P & L breakdown","33","36"
469,"cpl","profit_loss","summary","Taxes","current tax|deferred tax|minimum alternate tax credit entitlement|amount transferred to retained earnings|provision for taxation previous year|earlier year|prior year","Direct",NULL,NULL,NULL,"smr_taxes",NULL,NULL,"","19","48",NULL,"PL_TAXES",NULL,NULL,"P & L breakdown","46","48"
470,"cpl","profit_loss","summary","Minority Interest (-)","share of|share in","Direct",NULL,NULL,NULL,"smr_minority_interest",NULL,NULL,"","20","49",NULL,"PL_MINORITY_INT",NULL,NULL,"P & L breakdown","49","51"
471,"cpl","profit_loss","summary","Extraordinary Gain/Loss","exceptional|prior period","Direct",NULL,NULL,NULL,"smr_extraordinary_gain_loss",NULL,NULL,"","21","50",NULL,"PL_EXTRDNRY_GAIN_OR_LOSS",NULL,NULL,"P & L breakdown","53","55"
472,"cpl","profit_loss","summary","Cost of Sales","purchase of stock-in-trade|expense|expenditure|total expenses|total expenditure|cost of sales","skip",NULL,NULL,NULL,"cost_of_sales","",NULL,"","8","82",NULL,"",NULL,NULL,"P & L breakdown","18","20"
473,"cpl","profit_loss","sgna_total_oex","Total SG&A Expenses","other expenses| depreciation","Direct","consum|power|machinery|charges|research|analytical|equipment|exchange|loss on|donation|csr|social|miscellaneous|loss allowance",NULL,NULL,"sga_total_sga_expenses",NULL,NULL,"","70","63",NULL,"",NULL,NULL,"P & L breakdown","22","24"
474,"cpl","profit_loss","summary","Total Other Income",NULL,"Direct",NULL,NULL,NULL,"noie_other_income",NULL,NULL,"","30","64",NULL,"",NULL,NULL,NULL,NULL,NULL
475,"cpl","profit_loss","summary","Total Finance costs",NULL,"Direct",NULL,NULL,NULL,"smr_total_finance_costs",NULL,NULL,"",NULL,"65",NULL,"",NULL,NULL,NULL,NULL,NULL
476,"cpl","profit_loss","non_op_inex","Other Income","oi_except_ie","Formula",NULL,NULL,NULL,"noie_oi_except_ie"," noie_other_income-smr_interest_income",NULL,"","97","67",NULL,"",NULL,NULL,NULL,NULL,NULL
477,"cpl","profit_loss","non_op_inex","Finance costs - Others","fc_others","Formula",NULL,NULL,NULL,"noie_fc_others","-smr_total_finance_costs+smr_interest_expense",NULL,NULL,"98","79",NULL,"",NULL,NULL,NULL,NULL,NULL
478,"cpl","profit_loss","summary","Interest Expense","finance cost","Reference","loan|debt|debenture|cash credit|borrowings|bank facilities|bonds|interest",NULL,NULL,"smr_interest_expense",NULL,NULL,"fc","15","80",NULL,"PL_INT_EXPNS",NULL,NULL,"P & L breakdown","37","39"
479,"cpl","profit_loss","sgna",NULL,"consum|power|machinery|charges|research|analytical|equipment","skip",NULL,NULL,NULL,"sgna",NULL,NULL,"oex","10","84",NULL,"",NULL,NULL,NULL,NULL,NULL
480,"cpl","profit_loss","sgna_noi",NULL,"exchange|loss on|donation|csr|social|miscellaneous|loss allowance","skip",NULL,NULL,NULL,"sgna_noi",NULL,NULL,"oex","70","85",NULL,"",NULL,NULL,NULL,NULL,NULL
481,"cpl","profit_loss","summary","Depreciation and Amortizatio",NULL,"Direct",NULL,NULL,NULL,"depre_amort",NULL,NULL,NULL,"65","83",NULL,"PL_DEPRE_AMORTZATIO",NULL,NULL,NULL,NULL,NULL
482,"cpl","profit_loss","oie","Other Income",NULL,"Direct",NULL,NULL,NULL,"oie_oi",NULL,NULL,NULL,"112","87",NULL,"PL_EBIT_OTHER",NULL,NULL,"P & L breakdown","43","45"
483,"cpl","profit_loss","oie","Miscellaneous expenses",NULL,"Direct",NULL,NULL,NULL,"oie_mis_ex",NULL,NULL,NULL,"113","88",NULL,"",NULL,NULL,NULL,NULL,NULL
484,"cpl","profit_loss","oie","Adjustments pertaining to earlier years",NULL,"Direct",NULL,NULL,NULL,"oie_adj_pertai",NULL,NULL,NULL,"114","89",NULL,"",NULL,NULL,NULL,NULL,NULL
485,"cpl","profit_loss","oie","Liabilities no longer required written back",NULL,"Direct",NULL,NULL,NULL,"oie_lia_wb",NULL,NULL,NULL,"115","90",NULL,"",NULL,NULL,NULL,NULL,NULL
486,"cpl","profit_loss","summary","Others",NULL,"Direct",NULL,NULL,NULL,"smr_other",NULL,NULL,NULL,"22","51",NULL,"PL_EBT_OTHER",NULL,NULL,"P & L breakdown","57","59"
487,"cpl","profit_loss","summary","Profit for the Year",NULL,"Direct",NULL,NULL,NULL,"smr_profit_yr",NULL,NULL,NULL,"28","91",NULL,"PL_NET_INCM",NULL,NULL,NULL,NULL,NULL
488,"cpl","profit_loss","summary","Total Other Expenses",NULL,"Direct",NULL,NULL,NULL,"smr_total_expenses",NULL,NULL,"","32",NULL,NULL,"",NULL,NULL,NULL,NULL,NULL
489,"cpl","profit_loss","summary","Gross Profit",NULL,"Formula",NULL,NULL,NULL,"gross_profit","smr_sales-cost_of_sales",NULL,"",NULL,"47",NULL,"PL_GROS_PROFIT",NULL,NULL,NULL,NULL,NULL
490,"cpl","profit_loss","summary","SGA Expenses",NULL,"Formula",NULL,NULL,NULL,"sgn_a_exp","sga_total_sga_expenses-sgna-sgna_noi",NULL,"",NULL,"52",NULL,"PL_SG_AND_A_EXPNS",NULL,NULL,NULL,NULL,NULL
491,"cpl","profit_loss","summary","Non Operating Income",NULL,"Formula",NULL,NULL,NULL,"noie_oi_or_exp","-sgna_noi+noie_oi_except_ie",NULL,"",NULL,"53",NULL,"PL_NON_OPE_INCM_EXPNS",NULL,NULL,"P & L breakdown","40","42"
492,"cpl","profit_loss","summary","EBIT Operating Income",NULL,"Formula",NULL,NULL,NULL,"ebit_oi","gross_profit-sgn_a_exp+smr_others_opr_income",NULL,"",NULL,"54",NULL,"PL_EBIT",NULL,NULL,NULL,NULL,NULL
493,"cpl","profit_loss","summary","EBT (Pretax Income)",NULL,"Formula",NULL,NULL,NULL,"ebt_pre","ebit_oi+smr_interest_income-smr_interest_expense+noie_oi_or_exp",NULL,"",NULL,"55",NULL,"PL_EBT",NULL,NULL,NULL,NULL,NULL
494,"cpl","profit_loss","summary","EBITDA",NULL,"Formula",NULL,NULL,NULL,"ebit_da","ebit_oi+depre_amort",NULL,"",NULL,"56",NULL,"PL_EBITDA",NULL,NULL,NULL,NULL,NULL
